Workbook

Sheet Summary
A1: Engineering Ladder Assessment — Summary
A2: Based on "The CTO's New Engineering Ladder" by Etienne de Bruin (March 2026)
A4: Engineer Name:
A5: Review Date:
A7: Rung | B7: Score | C7: Max Score | D7: Percentage | E7: Salary Range | F7: Status
A8: 1: The Apprentice | B8: ='Rung 1'!B13 | C8: 28 | D8: =IF(B8=0,"",B8/C8) | E8: $85K–$120K | F8: =IF(D8="","Not assessed",IF(D8>=0.75,"Strong",IF(D8>=0.5,"Developing","Needs growth")))
A9: 2: The Builder | B9: ='Rung 2'!B13 | C9: 28 | D9: =IF(B9=0,"",B9/C9) | E9: $120K–$155K | F9: =IF(D9="","Not assessed",IF(D9>=0.75,"Strong",IF(D9>=0.5,"Developing","Needs growth")))
A10: 3: The Architect | B10: ='Rung 3'!B13 | C10: 28 | D10: =IF(B10=0,"",B10/C10) | E10: $155K–$210K | F10: =IF(D10="","Not assessed",IF(D10>=0.75,"Strong",IF(D10>=0.5,"Developing","Needs growth")))
A11: 4: The Multiplier | B11: ='Rung 4'!B13 | C11: 28 | D11: =IF(B11=0,"",B11/C11) | E11: $210K–$300K | F11: =IF(D11="","Not assessed",IF(D11>=0.75,"Strong",IF(D11>=0.5,"Developing","Needs growth")))
A12: 5: The Strategist | B12: ='Rung 5'!B13 | C12: 28 | D12: =IF(B12=0,"",B12/C12) | E12: $280K–$450K+ | F12: =IF(D12="","Not assessed",IF(D12>=0.75,"Strong",IF(D12>=0.5,"Developing","Needs growth")))
A13: OVERALL TOTAL | B13: =SUM(B8:B12) | C13: =SUM(C8:C12) | D13: =IF(B13=0,"",B13/C13)
A15: FINAL RUNG LEVEL | C15: =IF(D12="","Not yet assessed",IF(D12>=0.75,"Rung 5: The Strategist",IF(D11>=0.75,"Rung 4: The Multiplier",IF(D10>=0.75,"Rung 3: The Architect",IF(D9>=0.75,"Rung 2: The Builder",IF(D8>=0.75,"Rung 1: The Apprentice","Below Rung 1 — Focus on Apprentice behaviors"))))))
A17: How to Use This Assessment
A18: 1. Fill in each Rung tab by marking the appropriate score column (type any value, e.g. 'X') for each behavior.
A19: 2. Score: 1 = Not Yet, 2 = Emerging, 3 = Consistent, 4 = Exemplary. Only mark ONE column per behavior.
A20: 3. The Summary tab auto-calculates scores, percentages, and determines the Final Rung Level.
A21: 4. Final Rung Level = highest rung where the engineer scores ≥ 75%.
A22: 5. Use the Manager's Notes column and 1:1 Notes section for qualitative observations.
A23: 6. Review promotion signals at the bottom of each rung to assess readiness for the next level.

Sheet Rung 1
A1: Engineer Name:
A2: Review Date:
A3: Rung 1: The Apprentice formerly Junior Engineer $85K–$120K
A4: Their question: Why might this output be wrong?
A5: Observable Behavior | B5: 1 Not Yet | C5: 2 Emerging | D5: 3 Consistent | E5: 4 Exemplary | F5: Manager's Notes
A6: Flags inconsistencies in code before merging
A7: Asks for context before shipping features
A8: Escalates uncertainty rather than guessing through it
A9: Pull requests include questions, not just solutions
A10: Builds original features and writes real code
A11: Interrogates AI-assisted output — their own and others'
A12: Can explain why AI-generated code will fail in a specific production scenario
A13: TOTAL SCORE | B13: =IF(E6<>"",4,IF(D6<>"",3,IF(C6<>"",2,IF(B6<>"",1,0))))+IF(E7<>"",4,IF(D7<>"",3,IF(C7<>"",2,IF(B7<>"",1,0))))+IF(E8<>"",4,IF(D8<>"",3,IF(C8<>"",2,IF(B8<>"",1,0))))+IF(E9<>"",4,IF(D9<>"",3,IF(C9<>"",2,IF(B9<>"",1,0))))+IF(E10<>"",4,IF(D10<>"",3,IF(C10<>"",2,IF(B10<>"",1,0))))+IF(E11<>"",4,IF(D11<>"",3,IF(C11<>"",2,IF(B11<>"",1,0))))+IF(E12<>"",4,IF(D12<>"",3,IF(C12<>"",2,IF(B12<>"",1,0)))) | F13: out of 28
A14: RUNG SCORE % | B14: =IF(B13=0,"",B13/28)
A16: Promotion signal: Can explain why AI-generated code will fail in production. Has shipped something end-to-end with minimal guidance. Postmortem was more insightful than expected.
A17: Ready to promote? ☐ Not yet ☐ On track ☐ Ready now
A18: 1:1 Notes:

Sheet Rung 2
A1: Engineer Name:
A2: Review Date:
A3: Rung 2: The Builder formerly Mid-Level Engineer $120K–$155K
A4: Their question: What is this feature protecting the company from?
A5: Observable Behavior | B5: 1 Not Yet | C5: 2 Emerging | D5: 3 Consistent | E5: 4 Exemplary | F5: Manager's Notes
A6: Owns a feature end-to-end: definition of done, edge cases, monitoring, customer impact
A7: Knows when to throw away AI-generated scaffolding and start again
A8: Writes specs or design docs before prompting — thinks before building
A9: Proactively identifies problems that nobody assigned them
A10: Technical decisions reference company goals without being prompted
A11: Understands what's upstream and downstream of the feature they're building
A12: Has mentored an Apprentice visibly and with measurable result
A13: TOTAL SCORE | B13: =IF(E6<>"",4,IF(D6<>"",3,IF(C6<>"",2,IF(B6<>"",1,0))))+IF(E7<>"",4,IF(D7<>"",3,IF(C7<>"",2,IF(B7<>"",1,0))))+IF(E8<>"",4,IF(D8<>"",3,IF(C8<>"",2,IF(B8<>"",1,0))))+IF(E9<>"",4,IF(D9<>"",3,IF(C9<>"",2,IF(B9<>"",1,0))))+IF(E10<>"",4,IF(D10<>"",3,IF(C10<>"",2,IF(B10<>"",1,0))))+IF(E11<>"",4,IF(D11<>"",3,IF(C11<>"",2,IF(B11<>"",1,0))))+IF(E12<>"",4,IF(D12<>"",3,IF(C12<>"",2,IF(B12<>"",1,0)))) | F13: out of 28
A14: RUNG SCORE % | B14: =IF(B13=0,"",B13/28)
A16: Promotion signal: Has resolved an unassigned problem. Has mentored successfully. Can connect a technical decision to a business outcome without prompting. Doesn't need tickets to know what matters.
A17: Ready to promote? ☐ Not yet ☐ On track ☐ Ready now
A18: 1:1 Notes:

Sheet Rung 3
A1: Engineer Name:
A2: Review Date:
A3: Rung 3: The Architect formerly Senior Engineer $155K–$210K
A4: Their question: What does this decision cost us in six months?
A5: Observable Behavior | B5: 1 Not Yet | C5: 2 Emerging | D5: 3 Consistent | E5: 4 Exemplary | F5: Manager's Notes
A6: Walks into cross-functional conversations with answers before questions are finished
A7: The C-Suite understands them — translates technical concepts for executives
A8: Technical instincts show up as financial clarity
A9: Translates technical debt into business cost without being asked
A10: Sees downstream consequences of decisions before anyone else
A11: Has improved the output quality of a team they don't manage
A12: Has driven a consequential build-vs-buy decision and can show the math
A13: TOTAL SCORE | B13: =IF(E6<>"",4,IF(D6<>"",3,IF(C6<>"",2,IF(B6<>"",1,0))))+IF(E7<>"",4,IF(D7<>"",3,IF(C7<>"",2,IF(B7<>"",1,0))))+IF(E8<>"",4,IF(D8<>"",3,IF(C8<>"",2,IF(B8<>"",1,0))))+IF(E9<>"",4,IF(D9<>"",3,IF(C9<>"",2,IF(B9<>"",1,0))))+IF(E10<>"",4,IF(D10<>"",3,IF(C10<>"",2,IF(B10<>"",1,0))))+IF(E11<>"",4,IF(D11<>"",3,IF(C11<>"",2,IF(B11<>"",1,0))))+IF(E12<>"",4,IF(D12<>"",3,IF(C12<>"",2,IF(B12<>"",1,0)))) | F13: out of 28
A14: RUNG SCORE % | B14: =IF(B13=0,"",B13/28)
A16: Promotion signal: Has demonstrably improved output quality of a team they don't manage. Has translated a technical risk into a business risk understood by a non-technical executive. Has driven a build-vs-buy decision with clear math.
A17: Ready to promote? ☐ Not yet ☐ On track ☐ Ready now
A18: 1:1 Notes:

Sheet Rung 4
A1: Engineer Name:
A2: Review Date:
A3: Rung 4: The Multiplier formerly Staff Engineer $210K–$300K
A4: Their question: How does the team make better decisions because of you?
A5: Observable Behavior | B5: 1 Not Yet | C5: 2 Emerging | D5: 3 Consistent | E5: 4 Exemplary | F5: Manager's Notes
A6: Engineers leave their code reviews smarter than when they arrived
A7: Their standards get adopted without being mandated
A8: Their departure would be felt across teams, not just their own
A9: Defines how AI-generated output gets evaluated, trusted, and deployed
A10: Builds systems that transfer knowledge rather than hoarding it
A11: Output is the quality of everyone else's judgment, not just features
A12: Impact compounds beyond their own individual contribution
A13: TOTAL SCORE | B13: =IF(E6<>"",4,IF(D6<>"",3,IF(C6<>"",2,IF(B6<>"",1,0))))+IF(E7<>"",4,IF(D7<>"",3,IF(C7<>"",2,IF(B7<>"",1,0))))+IF(E8<>"",4,IF(D8<>"",3,IF(C8<>"",2,IF(B8<>"",1,0))))+IF(E9<>"",4,IF(D9<>"",3,IF(C9<>"",2,IF(B9<>"",1,0))))+IF(E10<>"",4,IF(D10<>"",3,IF(C10<>"",2,IF(B10<>"",1,0))))+IF(E11<>"",4,IF(D11<>"",3,IF(C11<>"",2,IF(B11<>"",1,0))))+IF(E12<>"",4,IF(D12<>"",3,IF(C12<>"",2,IF(B12<>"",1,0)))) | F13: out of 28
A14: RUNG SCORE % | B14: =IF(B13=0,"",B13/28)
A16: Promotion signal: Has changed how the engineering organization evaluates an entire category of work — not just one team. The bar is voluntary adoption: people follow the standard because it made their work better, not because they were told to.
A17: Ready to promote? ☐ Not yet ☐ On track ☐ Ready now
A18: 1:1 Notes:

Sheet Rung 5
A1: Engineer Name:
A2: Review Date:
A3: Rung 5: The Strategist formerly Principal Engineer $280K–$450K+
A4: Their question: Where do we need to be in two years and what does it cost to get there?
A5: Observable Behavior | B5: 1 Not Yet | C5: 2 Emerging | D5: 3 Consistent | E5: 4 Exemplary | F5: Manager's Notes
A6: In the room for business decisions before technical implications surface
A7: The CEO treats their input as commercial, not just technical
A8: Can quantify the cost of standing still
A9: Build-vs-buy opinions factor in organizational capacity, not just tech preference
A10: Understands the Engineering Efficiency Ratio and how their decisions move it
A11: Thinks about business problems before the business knows it has a question
A12: Can point to decisions they drove that the company still benefits from years later
A13: TOTAL SCORE | B13: =IF(E6<>"",4,IF(D6<>"",3,IF(C6<>"",2,IF(B6<>"",1,0))))+IF(E7<>"",4,IF(D7<>"",3,IF(C7<>"",2,IF(B7<>"",1,0))))+IF(E8<>"",4,IF(D8<>"",3,IF(C8<>"",2,IF(B8<>"",1,0))))+IF(E9<>"",4,IF(D9<>"",3,IF(C9<>"",2,IF(B9<>"",1,0))))+IF(E10<>"",4,IF(D10<>"",3,IF(C10<>"",2,IF(B10<>"",1,0))))+IF(E11<>"",4,IF(D11<>"",3,IF(C11<>"",2,IF(B11<>"",1,0))))+IF(E12<>"",4,IF(D12<>"",3,IF(C12<>"",2,IF(B12<>"",1,0)))) | F13: out of 28
A14: RUNG SCORE % | B14: =IF(B13=0,"",B13/28)
A16: Promotion signal: Can point to two decisions they made that the company is still benefiting from two years later. Not decisions they recommended — decisions they drove.
A17: Ready to promote? ☐ Not yet ☐ On track ☐ Ready now
A18: 1:1 Notes:
